State,Address,Bit,Value,PhysicalElement,Notes
0,0x00,0,0x01,,
1,0x00,1,0x02,,
2,0x00,2,0x04,,
3,0x00,3,0x08,,
4,0x00,4,0x10,,
5,0x00,5,0x20,,
6,0x00,6,0x40,,
7,0x00,7,0x80,,
8,0x01,0,0x01,,
9,0x01,1,0x02,,
10,0x01,2,0x04,,
11,0x01,3,0x08,,
12,0x01,4,0x10,,
13,0x01,5,0x20,,
14,0x01,6,0x40,,
15,0x01,7,0x80,,
16,0x02,0,0x01,,
17,0x02,1,0x02,,
18,0x02,2,0x04,,
19,0x02,3,0x08,,
20,0x02,4,0x10,,
21,0x02,5,0x20,,
22,0x02,6,0x40,,
23,0x02,7,0x80,,
24,0x03,0,0x01,,
25,0x03,1,0x02,,
26,0x03,2,0x04,,
27,0x03,3,0x08,,
28,0x03,4,0x10,,
29,0x03,5,0x20,,
30,0x03,6,0x40,,
31,0x03,7,0x80,,
32,0x04,0,0x01,,
33,0x04,1,0x02,,
34,0x04,2,0x04,,
35,0x04,3,0x08,,
36,0x04,4,0x10,,
37,0x04,5,0x20,,
38,0x04,6,0x40,,
39,0x04,7,0x80,,
40,0x05,0,0x01,,
41,0x05,1,0x02,,
42,0x05,2,0x04,,
43,0x05,3,0x08,,
44,0x05,4,0x10,,
45,0x05,5,0x20,,
46,0x05,6,0x40,,
47,0x05,7,0x80,,
48,0x06,0,0x01,,
49,0x06,1,0x02,,
50,0x06,2,0x04,,
51,0x06,3,0x08,,
52,0x06,4,0x10,,
53,0x06,5,0x20,,
54,0x06,6,0x40,,
55,0x06,7,0x80,,
56,0x07,0,0x01,,
57,0x07,1,0x02,,
58,0x07,2,0x04,,
59,0x07,3,0x08,,
60,0x07,4,0x10,,
61,0x07,5,0x20,,
62,0x07,6,0x40,,
63,0x07,7,0x80,,
64,0x08,0,0x01,,
65,0x08,1,0x02,,
66,0x08,2,0x04,,
67,0x08,3,0x08,,
68,0x08,4,0x10,,
69,0x08,5,0x20,,
70,0x08,6,0x40,,
71,0x08,7,0x80,,
72,0x09,0,0x01,,
73,0x09,1,0x02,,
74,0x09,2,0x04,,
75,0x09,3,0x08,,
76,0x09,4,0x10,,
77,0x09,5,0x20,,
78,0x09,6,0x40,,
79,0x09,7,0x80,,
80,0x0A,0,0x01,,
81,0x0A,1,0x02,,
82,0x0A,2,0x04,,
83,0x0A,3,0x08,,
84,0x0A,4,0x10,,
85,0x0A,5,0x20,,
86,0x0A,6,0x40,,
87,0x0A,7,0x80,,
88,0x0B,0,0x01,,
89,0x0B,1,0x02,,
90,0x0B,2,0x04,,
91,0x0B,3,0x08,,
92,0x0B,4,0x10,,
93,0x0B,5,0x20,,
94,0x0B,6,0x40,,
95,0x0B,7,0x80,,
